{
  "tipo": "PERDIDA",
  "latitud": -33.448890,
  "longitud": -70.669265
}
