{
  "tipo": "HALLAZGO",
  "latitud": -33.449000,
  "longitud": -70.669500
}
